{
  "total_steps": 442,
  "final_distance_from_goal": 0.0009299221013493452,
  "PID Gains": {
    "kp": 3,
    "ki": 0.1,
    "kd": 0.5
  },
  "total_time_seconds": 2.238893747329712,
  "goal_position": [
    0.21237495054069921,
    -0.15039716044234971,
    0.20426092887345368
  ],
  "final_position": [
    0.2119,
    -0.1496,
    0.2042
  ]
}