{
  "total_steps": 436,
  "final_distance_from_goal": 0.0009652250399326744,
  "PID Gains": {
    "kp": 3,
    "ki": 0.1,
    "kd": 0.5
  },
  "total_time_seconds": 2.1473166942596436,
  "goal_position": [
    -0.13732038683956518,
    0.16748394734799293,
    0.19876262065822078
  ],
  "final_position": [
    -0.1364,
    0.1672,
    0.1987
  ]
}