{
  "total_steps": 436,
  "final_distance_from_goal": 0.0009755738748034549,
  "PID Gains": {
    "kp": 3,
    "ki": 0.1,
    "kd": 0.5
  },
  "total_time_seconds": 2.1508636474609375,
  "goal_position": [
    -0.12241994693923557,
    0.01259253856604109,
    0.20390444846010386
  ],
  "final_position": [
    -0.1215,
    0.0129,
    0.2038
  ]
}