{
  "total_steps": 424,
  "final_distance_from_goal": 0.0009668235847312052,
  "PID Gains": {
    "kp": 3,
    "ki": 0.1,
    "kd": 0.5
  },
  "total_time_seconds": 2.1320438385009766,
  "goal_position": [
    0.1684712199730054,
    -0.012994928872165884,
    0.17726414676498026
  ],
  "final_position": [
    0.1678,
    -0.0123,
    0.1773
  ]
}