{
  "total_steps": 440,
  "final_distance_from_goal": 0.000928498159590699,
  "PID Gains": {
    "kp": 3,
    "ki": 0.1,
    "kd": 0.5
  },
  "total_time_seconds": 2.175309658050537,
  "goal_position": [
    -0.017101485567265706,
    -0.1292168321901841,
    0.25682249102029797
  ],
  "final_position": [
    -0.0168,
    -0.1284,
    0.2565
  ]
}